"","baseMean","log2FoldChange","lfcSE","stat","pvalue","padj"
"ENSG00000145888",2.89825172121157,-19.0716757844973,2.92238503847398,-6.52606536558791,6.75198631429256e-11,3.5772023493122e-07
"ENSG00000260807",27.6470680806617,1.76794746367601,0.343602465245648,5.14532822810823,2.67053464256604e-07,0.000707424626815745
"ENSG00000104093",7.64928154161258,5.08826018349049,1.08245091939836,4.70068443040229,2.59290951385764e-06,0.00343430865110444
"ENSG00000239572",9.12111436502809,4.71197426906769,0.997637947808499,4.72313054993391,2.32241660094933e-06,0.00343430865110444
"ENSG00000138081",3.14196525706594,5.55546886565627,1.24142262604054,4.47508265849414,7.63817572332055e-06,0.00545855101769705
"ENSG00000157106",17.621832604464,4.38245485141556,0.982880253391197,4.45878817515657,8.24243264280416e-06,0.00545855101769705
"ENSG00000173193",13.1008941598447,5.49386786944095,1.21858287364627,4.50840725588247,6.53161094216501e-06,0.00545855101769705
"ENSG00000234432",7.57715149720048,1.85534120853181,0.408424331343153,4.54268040895187,5.55434260828721e-06,0.00545855101769705
"ENSG00000162645",11.9456005483785,4.60232570929143,1.06811384863306,4.30883441421657,1.64117180262639e-05,0.00736080209147852
"ENSG00000226648",2.42239081149264,2.89709396336749,0.671900038570422,4.31179311960086,1.61935915556466e-05,0.00736080209147852
"ENSG00000248223",361.909273324036,-2.42294049618197,0.562774451733094,-4.30534913004739,1.66722584178449e-05,0.00736080209147852
"ENSG00000259001",24.1603716708009,4.55839215711403,1.0445997112766,4.36376930598924,1.27840390617859e-05,0.00736080209147852
"ENSG00000081237",92.0007712195084,5.44467166081815,1.28094281888681,4.25051889946952,2.13275837679765e-05,0.0086918106771338
"ENSG00000005810",9.92696104196988,5.5364167064315,1.33484742934548,4.14760262837392,3.35974878214099e-05,0.0108055453056352
"ENSG00000134313",8.01442623575624,6.24874684709509,1.51860271714001,4.11480025458099,3.87514837310434e-05,0.0108055453056352
"ENSG00000138688",8.14929276178442,4.03579042735647,0.975650188614758,4.13651375713516,3.52622223702424e-05,0.0108055453056352
"ENSG00000175471",4.85229027535529,5.55208904362588,1.34794439162975,4.11893033429448,3.80635191730626e-05,0.0108055453056352
"ENSG00000205413",7.97992718077771,4.73017227361392,1.1390102105255,4.15287960538261,3.28317492940003e-05,0.0108055453056352
"ENSG00000257354",7.93253857362429,4.25990459743905,1.03339014731931,4.12226167289243,3.75170679302525e-05,0.0108055453056352
"ENSG00000136869",17.8001086156906,4.67405033868977,1.14285871915663,4.0897884054636,4.31766894646792e-05,0.0111456932992824
"ENSG00000173559",16.8455990193801,3.87837718344395,0.949543947472014,4.08446306647461,4.41788522621612e-05,0.0111456932992824
"ENSG00000227252",5.6484532623474,3.43422655062414,0.865517969392168,3.96782813537183,7.25306079926786e-05,0.0174666891429641
"ENSG00000111859",5.75295663967838,6.85832502906646,1.74876283883476,3.92181539815674,8.78843140950762e-05,0.0181286169542983
"ENSG00000115956",45.7796140619732,3.67312012052269,0.940839738148212,3.90408692531656,9.45817845932072e-05,0.0181286169542983
"ENSG00000125772",7.79086069696491,4.59749475888068,1.17301105928231,3.91939591916003,8.87711860120512e-05,0.0181286169542983
"ENSG00000135365",3.86724567629833,5.09941112519759,1.30216878547788,3.91609074189732,8.9996386093092e-05,0.0181286169542983
"ENSG00000177575",4.08727377157589,6.08700727498726,1.56038497716498,3.90096505930645,9.58099801284166e-05,0.0181286169542983
"ENSG00000184588",14.4667734122927,3.52892207691745,0.9013722651905,3.91505509232818,9.03835673874014e-05,0.0181286169542983
"ENSG00000188906",12.8117100546116,3.71425668447169,0.95872993613506,3.87414280547556,0.000107000657509227,0.0195479132235822
"ENSG00000067066",7.45075857188212,3.95282403095259,1.02895923520333,3.84157495818722,0.000122247391523642,0.0197163432167418
"ENSG00000109046",4.35809036735829,5.11154404818374,1.32296834569788,3.86369338677363,0.000111685396532279,0.0197163432167418
"ENSG00000115415",11.5922496447341,5.2533447494881,1.37051525365332,3.83311658552103,0.000126529948918313,0.0197163432167418
"ENSG00000196576",4.6766520602088,-3.71915386297929,0.970187704523327,-3.8334374324055,0.00012636495284339,0.0197163432167418
"ENSG00000198604",12.7898313981178,4.65859192131866,1.20831636481521,3.8554405592538,0.000115521398321836,0.0197163432167418
"ENSG00000168016",3.90158341232633,5.16932846448911,1.36511524508882,3.78673411134075,0.000152640281265045,0.0224635613928391
"ENSG00000259895",26.610098362641,0.91191848893488,0.240688050590262,3.78879834997416,0.000151377721468175,0.0224635613928391
"ENSG00000114857",7.53360550629347,3.49033685222371,0.925024522818998,3.77323710466287,0.000161143009846032,0.0227151933776211
"ENSG00000156508",82.8831875134766,4.02009822808602,1.06619952209834,3.77049336898431,0.000162925131813817,0.0227151933776211
"ENSG00000251576",5.68336679785312,1.55163056975097,0.413524094913044,3.75221320556242,0.000175280297006131,0.0238111541932945
"ENSG00000121060",8.72371549578434,5.71983958483642,1.54508311380828,3.70196239523861,0.000213938332394758,0.0274626459386177
"ENSG00000124201",7.66040708114078,3.21538709706688,0.876420637858566,3.66877154436175,0.000243718741511609,0.0274626459386177
"ENSG00000124256",2.37030524607236,3.07082404895176,0.82860373608697,3.70602245103737,0.00021053964449846,0.0274626459386177
"ENSG00000134516",9.48928137516763,4.0861481372724,1.10845116746607,3.6863582782933,0.000227486031391938,0.0274626459386177
"ENSG00000149311",4.17714995124323,5.97465596335255,1.62932818172099,3.66694446851204,0.000245466075643593,0.0274626459386177
"ENSG00000159110",2.32586469664055,3.82756667384764,1.04404867455742,3.66608067911219,0.000246296250272675,0.0274626459386177
"ENSG00000163565",9.56969173192274,3.27085193499016,0.891584483225617,3.66858328798716,0.000243898240878568,0.0274626459386177
"ENSG00000198589",2.30627589979999,5.01417392689114,1.36869170580894,3.66347944216379,0.000248812194234362,0.0274626459386177
"ENSG00000272933",2.66403163844328,-2.67932606880812,0.72704527098626,-3.68522590783588,0.000228499872411594,0.0274626459386177
"ENSG00000168137",4.08212728754538,5.4627170586559,1.49826391347109,3.64603125626925,0.000266321596724669,0.0282194363889459
"ENSG00000172243",10.0943794919947,4.16828136467471,1.14248742079799,3.64842648487396,0.00026385137891918,0.0282194363889459
"ENSG00000198019",2.05286842637776,3.58180966868161,0.98664505682368,3.63029201221823,0.000283100752657263,0.0294091723054545
"ENSG00000172965",6.61785566524651,3.06166700325502,0.8456972760898,3.62028717582143,0.000294276218934953,0.0299822193830266
"ENSG00000283503",33.9272660227856,1.61770164855384,0.448716901502205,3.6051720876529,0.000311946150509517,0.0311828434981023
"ENSG00000198840",44.9959351236939,2.42595000032006,0.674623360052268,3.59600651855889,0.000323139704916807,0.0317035954935045
"ENSG00000116514",8.44805679944201,3.57334582146816,0.996860201222103,3.58460074651131,0.000337594234573423,0.032519531904909
"ENSG00000215301",3.60844745142061,4.71150981943796,1.31707793095892,3.57724452645538,0.000347235316556658,0.032850941198521
"ENSG00000038427",5.83848966125949,4.74664099073652,1.33686206638012,3.5505839458735,0.00038437753151801,0.0357268800347793
"ENSG00000275700",5.38127943955176,5.1988808001085,1.46792944886527,3.54164214371972,0.00039764454515023,0.0363227724173434
"ENSG00000196549",3.34059298244905,4.96370828283133,1.41339375335963,3.51190761317051,0.00044490262954842,0.0386408873991399
"ENSG00000235706",16.887334549384,1.07806523881553,0.306795519066393,3.51395366560824,0.000441489814894616,0.0386408873991399
"ENSG00000262520",1.9101764736689,4.66221389725393,1.32567502233181,3.5168603305607,0.00043668349785247,0.0386408873991399
"ENSG00000251562",939.789588312625,2.56507056556341,0.734179658073193,3.49379138655962,0.000476212980982792,0.0406931673104328
"ENSG00000273112",2.25225588022711,4.2033219419704,1.20652275000962,3.48383148344022,0.000494290603211229,0.0415674859652872
"ENSG00000104517",8.6496106923529,4.19093781332275,1.21137052286385,3.45966633182948,0.000540845127009115,0.0447718356702233
"ENSG00000118564",8.34089738388636,4.08675982271529,1.18916721530682,3.43665698995987,0.000588940934684897,0.0476047464668322
"ENSG00000248150",3.79337656023206,4.85795924368147,1.41434411816348,3.43477883585326,0.000593037611704592,0.0476047464668322
"ENSG00000114573",3.07134018622224,6.32503576541119,1.85575217702631,3.40834074921929,0.000653592225530928,0.0509225236891597
"ENSG00000130939",3.441666695697,4.93149209992295,1.44607060597701,3.41027061855744,0.000648984495880829,0.0509225236891597
"ENSG00000119508",3.13871904380699,3.16474644628345,0.930601337343473,3.4007542427541,0.000672002128092483,0.0515980764439707
"ENSG00000101577",5.65988416085368,2.77333024905143,0.817508083597819,3.39241935914092,0.000692783209604076,0.0524337920640342
"ENSG00000065243",4.22580195083527,4.01693418328763,1.19435032816037,3.36327967479594,0.000770222902182904,0.0574738159966905
"ENSG00000101972",6.35538160484654,5.70580207731169,1.70794288616686,3.34074524594745,0.000835538510424266,0.0612159272339848
"ENSG00000108424",4.07301906510419,3.6191950533294,1.08664955082728,3.33060005461196,0.000866590136381439,0.0612159272339848
"ENSG00000157601",11.3288332329908,4.74348594550829,1.42333551010268,3.33265481809422,0.000860215954418458,0.0612159272339848
"ENSG00000170581",4.88777584642504,4.09116384792786,1.2268808585664,3.3346056541369,0.000854204430531561,0.0612159272339848
"ENSG00000198223",5.64343728338257,3.06014318661122,0.920441787437763,3.32464608666861,0.000885308387308891,0.0617153136310856
"ENSG00000100201",15.8801166185796,4.12983464187722,1.2475003829749,3.31048767458399,0.000931335537267635,0.0628089626514338
"ENSG00000128512",6.9109812944544,3.31491666048421,1.00216381539739,3.30775928002324,0.000940456097962104,0.0628089626514338
"ENSG00000164327",5.36330641878983,4.31792518988266,1.30632552584229,3.30539754790336,0.000948417707080918,0.0628089626514338
"ENSG00000172493",6.9556511376109,3.17407467673039,0.960119132175126,3.30591753706606,0.000946659436264348,0.0628089626514338
"ENSG00000009790",5.66056453263924,2.69942174333487,0.817894725836091,3.30045133935225,0.000965294515916337,0.0631374116706759
"ENSG00000174501",7.09158194680274,3.80623816490038,1.15711730446528,3.28941426267865,0.00100396138296821,0.0640841856260915
"ENSG00000272808",17.5763183251076,2.70639743350949,0.822605330246634,3.29003148168035,0.00100176174140265,0.0640841856260915
"ENSG00000222043",8.0894679333919,-2.41936909956096,0.738625830337832,-3.27550026033396,0.00105475017145357,0.066524600099536
"ENSG00000198034",5.95339884339679,3.4139840289585,1.04521618130933,3.26629465751462,0.00108964802691924,0.0679171205484486
"ENSG00000103569",10.6481431292466,3.83666266542332,1.17761336794205,3.2579985671597,0.00112200972862425,0.0691210179331543
"ENSG00000059804",38.7944989320316,3.82531217425815,1.17604128319725,3.25270228937749,0.00114313196213381,0.0696127946595969
"ENSG00000070190",2.48319581151091,4.29566705571796,1.32305293719826,3.2467839607496,0.00116716950208544,0.0702689093414618
"ENSG00000101596",21.1509774872776,3.33886217197233,1.03009959496562,3.24130034444268,0.00118985749659325,0.0708299440106861
"ENSG00000147251",4.23511015716633,4.44537447333929,1.37989704251888,3.22152619823334,0.00127509804355034,0.0742359278541727
"ENSG00000275272",3.61475090105155,3.09062839126601,0.959264627930443,3.22187256913024,0.00127355763851456,0.0742359278541727
"ENSG00000116679",14.6318394620946,3.00186236770101,0.932828949127032,3.21802016383629,0.00129078743299895,0.0743325197829178
"ENSG00000136051",8.66664325896402,4.97482579116962,1.55076687925929,3.20797784483623,0.001336717955092,0.0761498035062086
"ENSG00000117228",4.21462397539345,3.60866137315616,1.12776455019167,3.19983579244695,0.00137505905215534,0.0764233657520367
"ENSG00000122257",2.02394067573374,5.90725785368712,1.85189750353372,3.18984060533325,0.00142351283348693,0.0764233657520367
"ENSG00000133112",19.646856248011,2.91804638859179,0.916722211889523,3.18313045189251,0.00145691958115434,0.0764233657520367
"ENSG00000136560",2.21681162532162,4.62464809751185,1.44992538298657,3.18957661668488,0.00142481365274699,0.0764233657520367
"ENSG00000137161",2.7801352319164,-2.72818613051843,0.853355987837154,-3.19700824673776,0.00138860956490834,0.0764233657520367
"ENSG00000159459",4.26565987613296,4.39714479822934,1.375974250014,3.19565921977435,0.00139511783391171,0.0764233657520367
"ENSG00000173821",35.7476189577522,3.13667832548193,0.985241380918092,3.18366482187242,0.00145423295297052,0.0764233657520367
"ENSG00000188895",3.39730881618351,2.67255857828223,0.838847606482668,3.18598820289708,0.00144260479592018,0.0764233657520367
"ENSG00000073614",4.02416780257943,4.15491752330982,1.31251591207505,3.16561306806637,0.00154756502615443,0.0783824996438946
"ENSG00000100644",18.1400277979665,1.53239553072664,0.484758915694452,3.16114976148787,0.00157147678384395,0.0783824996438946
"ENSG00000127603",12.0285339814437,3.46998996425284,1.09844068147948,3.15901443087409,0.0015830365160243,0.0783824996438946
"ENSG00000127951",2.8084442682024,3.35674262030188,1.06022709867643,3.16606001156957,0.00154518911639769,0.0783824996438946
"ENSG00000142599",5.91186952896015,3.24135935167196,1.02184093690981,3.17207819200734,0.0015135224989732,0.0783824996438946
"ENSG00000280711",2.81017694389751,-1.90618941850235,0.60261411037429,-3.16320077091855,0.00156044675582199,0.0783824996438946
"ENSG00000034677",5.38147525562829,5.00041513204915,1.5852426612151,3.15435311854167,0.00160854325881531,0.0788333296253742
"ENSG00000100650",3.78095862804965,4.07776555599745,1.29498282775004,3.1488954668861,0.00163888807703647,0.0788333296253742
"ENSG00000118482",3.13917638771132,3.80468087579678,1.20877898302224,3.1475405588904,0.00164650261897337,0.0788333296253742
"ENSG00000168769",7.57596140377453,3.32063781948274,1.05530108849517,3.14662597782202,0.00165166092646594,0.0788333296253742
"ENSG00000054267",4.70581459685921,3.19654571859786,1.02177205485387,3.12843329724358,0.00175740894920594,0.0801022641582391
"ENSG00000102908",6.33145760106334,4.54366624170968,1.45291461991243,3.12727684024786,0.00176433705725682,0.0801022641582391
"ENSG00000118503",12.2989972584289,3.63501509721677,1.16095531856109,3.13105512253655,0.00174179463942127,0.0801022641582391
"ENSG00000119844",2.49737515770463,4.25575393822056,1.36118483283873,3.1265070220811,0.00176896279851151,0.0801022641582391
"ENSG00000140299",2.09707148354186,3.74840950561572,1.19573799131734,3.13480840521434,0.00171966386340243,0.0801022641582391
"ENSG00000248540",12.4832104315594,1.66082088656162,0.530204295171953,3.13241688474628,0.0017337350790375,0.0801022641582391
"ENSG00000136167",15.4904833261279,3.01576098932625,0.968025593971937,3.11537319685132,0.00183712316634209,0.0824837164006813
"ENSG00000136040",11.8554958098515,2.87619382681762,0.924926480344835,3.10964588855247,0.00187311757596069,0.0826981409786645
"ENSG00000159140",6.01526167596991,3.65304255744073,1.17426428866238,3.1109202525455,0.00186505299825415,0.0826981409786645
"ENSG00000139218",6.9818516600952,3.82145084106884,1.23268316501185,3.10010791867357,0.00193450144281135,0.0847023854877232
"ENSG00000108848",2.75724519046257,2.42709495875059,0.783686888351208,3.09702126554259,0.00195475850433137,0.0848877914421934
"ENSG00000110422",8.56745611167804,5.23404176554469,1.69608899189621,3.0859476068488,0.00202904571724373,0.0869256484331059
"ENSG00000143669",12.5782547299074,2.69528471918601,0.873850940563556,3.0843758289575,0.00203979738393789,0.0869256484331059
"ENSG00000280418",3.28093083323974,2.0670779289698,0.670528407128246,3.08275966684652,0.00205090714498645,0.0869256484331059
"ENSG00000043462",27.2666842423204,2.5778208742682,0.839427765855979,3.07092638476111,0.00213395756552677,0.0886971822255579
"ENSG00000105483",3.08535106611386,4.06835681842214,1.32498725202798,3.07048751766875,0.00213709619032378,0.0886971822255579
"ENSG00000143924",2.62491774357982,3.61993174473912,1.17967833935449,3.06857524121356,0.00215082159070437,0.0886971822255579
"ENSG00000166164",7.27177212095157,2.77038942246736,0.903187119168273,3.06734824232055,0.00215967091489184,0.0886971822255579
"ENSG00000070831",3.55776584908181,2.92286015447512,0.963518444821976,3.03352797259128,0.00241712301416278,0.0893716323263529
"ENSG00000126549",3.80216775631671,5.21240338021035,1.71630878400162,3.03698462001545,0.00238957647824386,0.0893716323263529
"ENSG00000135679",2.08315447317912,3.3705388709321,1.10914104142772,3.03887309642194,0.00237464861257912,0.0893716323263529
"ENSG00000136603",4.74868577584416,3.90701278007452,1.28311593037608,3.04494137090899,0.00232725672452524,0.0893716323263529
"ENSG00000137752",2.80273900804419,3.55517864963559,1.16398956866799,3.05430456194205,0.00225582941505634,0.0893716323263529
"ENSG00000140575",24.5428582588542,3.5913478738938,1.18193952667505,3.0385208319386,0.00237742666839557,0.0893716323263529
"ENSG00000155313",3.21099866049178,3.82851571604743,1.25764708071302,3.04418924415335,0.00233308327275203,0.0893716323263529
"ENSG00000160551",2.72978178590919,5.32637032052375,1.75208718324566,3.04001443047879,0.00236566813573642,0.0893716323263529
"ENSG00000173120",3.03183503950215,3.01278692565774,0.992765173288407,3.03474276366713,0.00240740921156003,0.0893716323263529
"ENSG00000185745",4.96781941461832,4.16440455779129,1.37383453894961,3.03122715270738,0.00243561938280959,0.0893716323263529
"ENSG00000198763",113.360765361242,1.77178349415879,0.581957367722582,3.04452455184551,0.00233048407505525,0.0893716323263529
"ENSG00000210184",65.4610886356353,-2.49989007365171,0.824374324108693,-3.03246959608376,0.00242561531214918,0.0893716323263529
"ENSG00000250397",7.62511705323733,1.47155136840138,0.480498001415808,3.06255460806369,0.00219456429693589,0.0893716323263529
"ENSG00000260923",3.97789380436517,2.72900476751712,0.900678473220909,3.02994336897822,0.00244599597722181,0.0893716323263529
"ENSG00000261505",6.12469986700962,1.20890729251687,0.39857758514738,3.03305388352399,0.00242092368279374,0.0893716323263529
"ENSG00000277177",2.22561614437832,3.59287575315019,1.18323372793213,3.03648862294456,0.00239351141220292,0.0893716323263529
"ENSG00000130066",50.4171412415788,2.44667595059075,0.808145710349089,3.02751832900762,0.00246570760409409,0.0894747868937703
"ENSG00000151726",33.9065672124475,2.71875049108985,0.901069673818288,3.01724780012751,0.00255081198427991,0.0913121749507766
"ENSG00000277140",3.77890230477263,4.85920347685218,1.61047096998485,3.01725617376256,0.00255074151708828,0.0913121749507766
"ENSG00000059378",2.5634404340303,3.27588834176079,1.09132594790637,3.00175062092616,0.00268431977328044,0.0920438368241688
"ENSG00000077238",6.33971862413098,3.71603107480023,1.23641580678029,3.00548654782813,0.00265156324609943,0.0920438368241688
"ENSG00000165029",9.01579454365082,4.01442341994677,1.33953576870792,2.99687661481334,0.00272761086851538,0.0920438368241688
"ENSG00000174718",47.4242593174862,3.83598187924539,1.27687980262429,3.00418400491693,0.00266294219902289,0.0920438368241688
"ENSG00000181381",8.22517058495738,3.34951884769976,1.11635038048641,3.00041896007625,0.00269608486102856,0.0920438368241688
"ENSG00000181617",18.1254795372734,2.56772796408292,0.852399438664262,3.01235295052121,0.00259230997052076,0.0920438368241688
"ENSG00000182944",1.94629923754688,3.17154960616966,1.05579531646474,3.00394362118348,0.0026650470517601,0.0920438368241688
"ENSG00000212907",30.2214122236597,1.78109046624026,0.594198471986468,2.99746726087309,0.00272233097513063,0.0920438368241688
"ENSG00000258441",8.85631920291765,1.27241934171458,0.423110270283401,3.00729958850281,0.00263579858566316,0.0920438368241688
"ENSG00000100918",2.91555768968734,3.51849834461618,1.17733637433871,2.9885242835485,0.00280328222878101,0.0923990321870343
"ENSG00000171988",13.0311554491555,2.94615995586401,0.986615246550793,2.98612855027711,0.00282533847004522,0.0923990321870343
"ENSG00000241860",48.5102949607326,2.25828167152108,0.755217103667541,2.99024169414893,0.00278756783228762,0.0923990321870343
"ENSG00000258804",6.16992765815668,-1.48485523493984,0.496145924122582,-2.99277926663564,0.00276449613842767,0.0923990321870343
"ENSG00000261501",20.8555097450674,1.0619514386168,0.355580094729199,2.98653230132456,0.00282161028152627,0.0923990321870343
"ENSG00000140379",8.62482669259627,3.21922945386963,1.07942651054063,2.98235166769926,0.00286043222052769,0.0924059140509494
"ENSG00000259563",3.60475430285306,-2.04778505696993,0.68653587087466,-2.98277940577383,0.00285643790932297,0.0924059140509494
"ENSG00000281128",13.0094640918402,-1.74220512609762,0.585421604108974,-2.97598365668329,0.00292050425590489,0.0937747366532371
"ENSG00000198888",98.3960334610059,1.68645515887649,0.568344658715655,2.96731065034999,0.00300417258739614,0.0958801588435226
"ENSG00000198900",4.31311960569632,3.05896157403173,1.03356299869951,2.95962759684769,0.00308011121656593,0.0977151450620736
"ENSG00000067182",7.54024816391025,2.76476664563147,0.940888492640518,2.93846366201419,0.00329843321918083,0.099683720163692
"ENSG00000078618",4.02965083370326,2.60996886103176,0.887404924590781,2.94112505881723,0.00327022476180473,0.099683720163692
"ENSG00000100664",2.42234185946572,4.75106754850822,1.62142874850969,2.93017349845011,0.00338772796538281,0.099683720163692
"ENSG00000131873",14.4691249877749,3.60117566630575,1.2314877284739,2.92424811310825,0.00345289405067059,0.099683720163692
"ENSG00000132549",5.33994848830901,2.19713548312495,0.751073408797551,2.92532721487571,0.0034409420121486,0.099683720163692
"ENSG00000135870",3.29782972067692,3.55680759878151,1.21135925335928,2.93621201878628,0.00332247153420162,0.099683720163692
"ENSG00000149269",4.99945021718407,4.13254183676138,1.40686049880785,2.93742118729129,0.00330954281090411,0.099683720163692
"ENSG00000166523",2.06942584703476,3.21100664057816,1.08988292958751,2.94619408507796,0.00321710468053079,0.099683720163692
"ENSG00000167658",9.06204737049222,3.60887583751856,1.23232266690035,2.92851534297906,0.00340585022960355,0.099683720163692
"ENSG00000170542",3.66905686314518,4.80565454891783,1.64384336439892,2.92342607148282,0.00346202425634566,0.099683720163692
"ENSG00000176155",2.87006592624642,2.07573639578001,0.709607241313957,2.92519054898093,0.00344245362638901,0.099683720163692
"ENSG00000198399",6.66832858906101,3.20586870711885,1.09001895035624,2.9411128183332,0.00327035399551111,0.099683720163692
"ENSG00000198961",2.26514029464929,4.07836376700358,1.38831739962045,2.93763066581068,0.00330730767825292,0.099683720163692
"ENSG00000259661",9.57548323346074,-1.60867257615113,0.547038371104336,-2.94069422023106,0.00327477631011256,0.099683720163692
"ENSG00000272892",4.38607223054884,-1.41347230527463,0.481279386347581,-2.93690597472175,0.00331504597574742,0.099683720163692
"ENSG00000276988",3.63812819622641,-1.53740588584691,0.524524327837825,-2.93104781657002,0.00337820778527876,0.099683720163692
"ENSG00000278613",5.30977988775966,2.55943712472645,0.872024484331186,2.93505190589855,0.00333491896402567,0.099683720163692
